<?xml  version="1.0" encoding="UTF-8"?>
<!--
* This software is distributed on an "AS IS" BASIS,
* WITHOUT WARRANTIES OR CONDITIONS OF ANY KIND.
-->
<beans xmlns="http://www.springframework.org/schema/beans"
	xmlns:xsi="http://www.w3.org/2001/XMLSchema-instance" xmlns:p="http://www.springframework.org/schema/p"
	xmlns:context="http://www.springframework.org/schema/context"
	xmlns:sws="http://www.springframework.org/schema/web-services"
	xsi:schemaLocation="http://www.springframework.org/schema/beans 
	http://www.springframework.org/schema/beans/spring-beans-2.5.xsd
	http://www.springframework.org/schema/context                        
	http://www.springframework.org/schema/context/spring-context-2.5.xsd
	http://www.springframework.org/schema/web-services
    http://www.springframework.org/schema/web-services/web-services-2.0.xsd">


	<bean class="org.springframework.ws.server.endpoint.mapping.SimpleMethodEndpointMapping">
		<property name="endpoints">
			<ref bean="orderServiceEndpoint"/>
		</property>
		<property name="methodPrefix" value="handle"></property>
	</bean>
	<sws:static-wsdl id="OrderService" location="/WEB-INF/orderService.wsdl"/>
	
	<bean id="orderServiceEndpoint" class="com.packtpub.liverestaurant.service.endpoint.OrderSeviceMethodEndpoint">
	<property name="orderService">
	<bean id="orderService" class="com.packtpub.liverestaurant.service.OrderServiceImpl"/>
	</property>
	
	</bean>
	
	
	
	

	
	  
	
	
</beans>      