<?xml  version="1.0" encoding="UTF-8"?>
<!--
* This software is distributed on an "AS IS" BASIS,
* WITHOUT WARRANTIES OR CONDITIONS OF ANY KIND.
-->
<beans xmlns="http://www.springframework.org/schema/beans"
	xmlns:xsi="http://www.w3.org/2001/XMLSchema-instance" xmlns:p="http://www.springframework.org/schema/p"
	xmlns:context="http://www.springframework.org/schema/context"
	xmlns:sws="http://www.springframework.org/schema/web-services"
	xsi:schemaLocation="http://www.springframework.org/schema/beans 
	http://www.springframework.org/schema/beans/spring-beans-2.5.xsd
	http://www.springframework.org/schema/context                        
	http://www.springframework.org/schema/context/spring-context-2.5.xsd
	http://www.springframework.org/schema/web-services
    http://www.springframework.org/schema/web-services/web-services-2.0.xsd">

<context:component-scan base-package="com.packtpub.liverestaurant.service"/>
	<sws:annotation-driven />
	<bean class="org.springframework.ws.server.endpoint.mapping.SimpleMethodEndpointMapping">
		<property name="endpoints">
			<ref bean="OrderServiceEndpoint"/>
		</property>
		<property name="methodPrefix" value="handle"></property>
		
	</bean>
	
	  <sws:interceptors>
        <bean class="org.springframework.ws.soap.server.endpoint.interceptor.PayloadValidatingInterceptor">
            <property name="schema" value="/WEB-INF/orderService.xsd"/>
            <property name="validateRequest" value="true"/>
            <property name="validateResponse" value="true"/>
        </bean>
        <bean class="org.springframework.ws.server.endpoint.interceptor.PayloadLoggingInterceptor">
        </bean>
    </sws:interceptors>  
	
	<bean id="OrderServiceEndpoint" class="com.packtpub.liverestaurant.service.endpoint.OrderSeviceMethodEndpoint"/>

	<sws:dynamic-wsdl id="OrderService" portTypeName="OrderService" locationUri="http://localhost:8080/LiveRestaurant/spring-ws/OrderService"
                      targetNamespace="http://www.packtpub.com/liverestaurant/OrderService/schema">
        <sws:xsd location="/WEB-INF/orderService.xsd"/>
    </sws:dynamic-wsdl>


	

</beans>      